title,image,status,last_updated
Twogether,https://www.faselhds.center/wp-content/uploads/2025/05/a9d9e81650e8db3d2ce6b18d63c46706-400x600.jpg
Got to Get Out,https://www.faselhds.center/wp-content/uploads/2025/05/dbc33de3abc89aa46a1e0d81b276b5ea-400x600.jpg
Cheat: Unfinished Business,https://www.faselhds.center/wp-content/uploads/2025/04/c85599b0ce3093e17cb906874cbf99a3-400x600.jpg
Chef’s Table: Legends,https://www.faselhds.center/wp-content/uploads/2025/04/d8384f80373daa7a4e8acb2877112d82-400x600.jpg
Inside,
Blown Away,https://www.faselhds.center/wp-content/uploads/2025/04/877fde949176f85491304cb43fdd94b3-400x600.webp
The Netflix Afterparty,https://www.faselhds.center/wp-content/uploads/2025/04/612eef63b65f7085d951276d106cde21-400x600.jpg
Garnachas: Glorious Street Food!,https://www.faselhds.center/wp-content/uploads/2025/04/a70a8b4d576407e36b29e7aab67557c5-400x600.jpg
Rhythm + Flow Italy,https://www.faselhds.center/wp-content/uploads/2025/04/03d1a500588ae474c4a820bfd7eb5bc9-400x600.jpg
Chasing Flavor,https://www.faselhds.center/wp-content/uploads/2025/03/10cea6cd5579b13dc421999153728909-400x600.jpg
Million Dollar Secret,https://www.faselhds.center/wp-content/uploads/2025/03/cd1bc40698c6d22ec6f885d19ba28f03-400x600.jpg
"With Love, Meghan",https://www.faselhds.center/wp-content/uploads/2025/03/bcfe5caca254ce5f7ffd2acafb0592da-400x600.jpg
No Taste Like Home with Antoni Porowski,https://www.faselhds.center/wp-content/uploads/2025/02/cfc8a5cf86ad6d1a39453a172945d4a4-400x600.jpg
Pause with Sam Jay,https://www.faselhds.center/wp-content/uploads/2025/02/8e4e85e2872c6ac30d8fe28b3aec46a8-400x600.jpg
Ainori Love Wagon: Asian Journey,https://www.faselhds.center/wp-content/uploads/2025/02/d2e1bed5df10e3fedd30df0eb55c89eb-400x597.jpg
Ainori Love Wagon: African Journey,https://www.faselhds.center/wp-content/uploads/2025/02/6becb725ed2878567bde1b4870696a5a-400x597.jpg
Celebrity Bear Hunt,https://www.faselhds.center/wp-content/uploads/2025/02/12335a00a2c4fac8b95f6736d165796c-400x600.jpg
W.A.G.s to Riches,https://www.faselhds.center/wp-content/uploads/2025/01/420a897b95670ec85e458c6b104277a8-400x600.jpg
Celebrity Prank Wars,https://www.faselhds.center/wp-content/uploads/2025/01/6c36cf380b3def89acdc7809adc6d4d0-400x600.jpg
Selling the City,https://www.faselhds.center/wp-content/uploads/2025/01/dc8ff2ef9f5dfd48aab53b485ed2af36-400x600.jpg
Beast Games,https://www.faselhds.center/wp-content/uploads/2024/12/a8d70892b9c021ac0838049d0a677496-400x600.jpg
The Secret Lives of Mormon Wives,https://www.faselhds.center/wp-content/uploads/2024/12/a5bddd4117e6044777316618d3f76bdf-400x600.jpg
Harry Potter: Wizards of Baking,https://www.faselhds.center/wp-content/uploads/2024/12/78006090d367b08edc8787af1b6d04a7-400x600.jpg
Love Never Lies: South Africa,https://www.faselhds.center/wp-content/uploads/2024/11/1254d326b9565c749011490415b4ba85-400x600.jpg
The Later Daters,https://www.faselhds.center/wp-content/uploads/2024/11/0e4815fd031cd1f9e03684d871b93454-400x600.jpg
Is It Cake? Holiday,https://www.faselhds.center/wp-content/uploads/2024/11/cc3b715ec526e7ff9735dddc8473fe86-400x600.jpg
عرض James Acaster: Repertoire,https://www.faselhds.center/wp-content/uploads/2024/11/bcd667201f3b022f8eb9025a6a3109fc-400x600.jpg
Saudi Pro League: Kickoff,https://www.faselhds.center/wp-content/uploads/2024/11/2500713e338b2a78a8e3fa74935ac6a7-400x600.jpg
Selena + Restaurant,https://www.faselhds.center/wp-content/uploads/2024/11/b3b4e2f78caf991f2645b67b20196812-400x600.jpg
Rhythm + Flow: Brazil,https://www.faselhds.center/wp-content/uploads/2024/11/dd2bdaa0184a9c4c90d7ff6d0dfa5c1d-400x600.jpg
House of Villains,https://www.faselhds.center/wp-content/uploads/2024/11/7312dcdb76b0fa3f474e8654ba2e07be-400x600.jpg
Comedy Revenge,https://www.faselhds.center/wp-content/uploads/2024/10/e69ac2fbec3c0588d127ae18ba26ac98-400x600.jpg
Chef’s Table: Noodles,https://www.faselhds.center/wp-content/uploads/2024/10/c86b60328d6eda4fe858f71cdbdbb9e0-400x600.jpg
Making It in Marbella,https://www.faselhds.center/wp-content/uploads/2024/10/927d9fc3b6c1191c2fae5c48ee118030-400x600.jpg
Yummy Mummies,https://www.faselhds.center/wp-content/uploads/2024/09/32c981713630420c9792a9f6c4b762ad-400x597.jpg
Dubai Hustle,https://www.faselhds.center/wp-content/uploads/2024/09/6f5e009477e86fe04968575eb9f4a19a-400x600.jpg
Culinary Class Wars,https://www.faselhds.center/wp-content/uploads/2024/09/7883867bf15a228757a79a255e88d632-400x600.jpg
Pop Star Academy: KATSEYE,https://www.faselhds.center/wp-content/uploads/2024/08/4b0bf18d71405a7372b79fa68051d790-400x600.jpg
Buying London,https://www.faselhds.center/wp-content/uploads/2024/05/7c4ac4e19d5fb8a339b701a0ed2797d1-400x600.jpg
NASCAR: Full Speed,https://www.faselhds.center/wp-content/uploads/2024/02/742a9c691683ffa3016744ac20182a18-400x600.jpg
The Trust: A Game of Greed,https://www.faselhds.center/wp-content/uploads/2024/01/c0a475a4b47fc0e057b45830ba2b1da4-400x600.jpg
Verified Stand-Up,https://www.faselhds.center/wp-content/uploads/2023/11/3577dc13d3ac0715c4d8dbfd066351e0-400x600.jpg
Is It Cake,https://www.faselhds.center/wp-content/uploads/2023/08/2e2687d6e124d534189a3b2008db8d07-400x600.jpg
The 1619 Project,https://www.faselhds.center/wp-content/uploads/2023/07/4cd8980ad336415c27d80b64971067ac-400x600.jpg
Hitler: The Lost Tapes of the Third Reich,https://www.faselhds.center/wp-content/uploads/2023/07/493107d0d5593f8b4cc70558812b632e-400x600.jpg
Forging the Future,https://www.faselhds.center/wp-content/uploads/2023/07/01141f83a9650134fb4e3eadf7f99d38-400x583.webp
Fear Thy Roommate,https://www.faselhds.center/wp-content/uploads/2023/07/d38cdda42d1ab61a6da8517abe79538b-400x600.jpg
Kendra Sells Hollywood,https://www.faselhds.center/wp-content/uploads/2023/07/4d7af8a7a38d95bfeb59e27bb03ced1d-400x600.jpg
Keep This Between Us,https://www.faselhds.center/wp-content/uploads/2023/07/3289742e3b4a63eefc7518a1fc7e9e28-400x600.jpg
Interrogation Raw,https://www.faselhds.center/wp-content/uploads/2023/07/bcc6446f23f620d814dffad92269ce82-400x600.jpg
Sugar Rush: The Baking Point,https://www.faselhds.center/wp-content/uploads/2023/07/9de799131f0fada319fcee3cd1c809f2-400x600.jpg
Social Currency,https://www.faselhds.center/wp-content/uploads/2023/06/0af763fce489c82806d41fd41c06c48c-400x600.jpg
Tex Mex Motors,https://www.faselhds.center/wp-content/uploads/2023/06/fa0ae874223216ed0d16361cd6cdded8-400x600.jpg
The Ultimatum: Queer Love,https://www.faselhds.center/wp-content/uploads/2023/05/e09df15a51efe1f6147a8f6cf17b1a39-400x600.jpg
Jewish Matchmaking,https://www.faselhds.center/wp-content/uploads/2023/05/a5d58db5d0b71bcb5db684d76f20c02b-400x600.jpg
The Signing,https://www.faselhds.center/wp-content/uploads/2023/04/4796543e85630372e21fe65dc1bb2e9a-400x600.jpg
Swap Shop,https://www.faselhds.center/wp-content/uploads/2021/11/MV5BMTQwODdmNmMtZTg4NC00Yzk4LTkyM2ItZTE2YjY3NTQ4ZWRjXkEyXkFqcGdeQXVyMDc2NzE1Mg@@._V1_-400x600.jpg
Middleditch & Schwartz,https://www.faselhds.center/wp-content/uploads/2020/04/AAAABUJypTIW1CE4JmWXYQgIgL39Feb-0AZxPoIu8RS9XnQFeS5LKMPivj9xAzzX7hmatvyurplM4UMtM-BwGftiieFJs1BB1hkQjQUeN45xI0CuDB52NUa9ivJ6z8O-Lg-400x597.jpg
Ladies Up,https://www.faselhds.center/wp-content/uploads/2020/03/MV5BYzFmNDUzNzMtZjQwZC00NWEyLWEwMTQtMWVjNDU2MThkNDgyXkEyXkFqcGdeQXVyMTMxODk2OTU@._V1_-400x597.jpg
America’s Got Talent: The Champions,https://www.faselhds.center/wp-content/uploads/2019/01/MV5BZmYwOWJjMDItM2IyNi00OGIxLWE4YTUtNDExOWUxZDYzN2Y2XkEyXkFqcGdeQXVyODUxOTU0OTg@._V1_-400x600.jpg
Dance 100,https://www.faselhds.center/wp-content/uploads/2023/03/72ecc6d500a275a71cadb0623433da21-400x600.jpg
Cheat,https://www.faselhds.center/wp-content/uploads/2023/03/e087dcb4f00f080d31be5029e5d247c9-400x600.jpg
Iron Chef: Mexico,https://www.faselhds.center/wp-content/uploads/2022/09/0eb30850ecd62a0fb28f56ae8ab70f53-400x600.jpg
Designing Miami,https://www.faselhds.center/wp-content/uploads/2022/09/d78c9ac18ed566e3cc44662736789c43-400x600.jpg
Iron Chef: Quest for an Iron Legend,https://www.faselhds.center/wp-content/uploads/2022/06/MV5BNTM2NTQ3NjUtYjdlMy00MWYzLWJmMmYtMTk0ODFhZTZiZTA3XkEyXkFqcGdeQXVyMTkxNjUyNQ@@._V1_-400x600.jpg
Backstage with Katherine Ryan,https://www.faselhds.center/wp-content/uploads/2022/06/MV5BYTIyNTk2YWEtYmIzOC00NWVkLWE2NGYtODMyMWFhZTE0YjRiXkEyXkFqcGdeQXVyODc0OTEyNDU@._V1_-400x600.jpg
Rhythm + Flow France,https://www.faselhds.center/wp-content/uploads/2022/06/MV5BMGU5Y2E1YTgtNzVhZC00OWMxLTg4ZjAtM2NlZmY1MmI1YThmXkEyXkFqcGdeQXVyMTA3MTI2ODc5._V1_FMjpg_UX1000_-.jpg_UY1200--400x600.jpg
Bullsh*t the Game Show,https://www.faselhds.center/wp-content/uploads/2022/04/Bullsht-the-Game-Show-400x597.jpg
LOL: Last One Laughing Canada,https://www.faselhds.center/wp-content/uploads/2022/03/MV5BOGUzZWU0N2ItOGFkNS00OWJhLTk3ODEtNjM5NjJhYWU1Y2IzXkEyXkFqcGdeQXVyMTQ3MjI1NDQ5._V1_-400x600.jpg
Love Never Lies,https://www.faselhds.center/wp-content/uploads/2021/11/MV5BNDAyZTk2OTYtODI5ZS00YTk5LTk0YjYtODk3YmY3MGQ4ODZjXkEyXkFqcGdeQXVyNDk3MzMwMTI@._V1_FMjpg_UX1000_-.jpg_UY1200--400x600.jpg
Insiders,https://www.faselhds.center/wp-content/uploads/2021/10/AAAABTIS2ulMEQzMotZPAb5V85tRHCcgMqdY9kjd7BuNay6uXf8C4kDTnjx7qiylI3y0ZOG_kIgejJWH2NlJVc7mSUPfFQK2PQNN1ZNARl43YYQ55wkNRpU9D9C66zEjcg-400x597.jpg
The Voice,
Bake Squad,https://www.faselhds.center/wp-content/uploads/2021/08/MV5BOGJhMWM3MWUtMTM3MS00ZTQ2LWFhMjAtY2YwMThlOGYzMDljXkEyXkFqcGdeQXVyNjEwNTM2Mzc@._V1_-400x597.jpg
Tattoo Redo,https://www.faselhds.center/wp-content/uploads/2021/07/MV5BMTkyMWVmMjItYWIzYy00ZmJiLTgxOGEtMDg5ZWFmN2U0NGFiXkEyXkFqcGdeQXVyNjEwNTM2Mzc@._V1_FMjpg_UX1000_-.jpg_UY1200--400x600.jpg
The World’s Most Amazing Vacation Rentals,https://www.faselhds.center/wp-content/uploads/2021/06/MV5BMTAxZGY4MzMtY2FjNS00YTdjLWJmODAtMmIxY2I1ZjczMjExXkEyXkFqcGdeQXVyNjEwNTM2Mzc@._V1_FMjpg_UX1000_-.jpg_UY1200--400x600.jpg
Pet Stars,https://www.faselhds.center/wp-content/uploads/2021/05/MV5BMzc5MzVhNTQtYjdlOS00M2IyLTk0NTUtYWI0NTMzM2U4YjIxXkEyXkFqcGdeQXVyNjEwNTM2Mzc@._V1_UY1200--400x600.jpg
The Great Escapists,https://www.faselhds.center/wp-content/uploads/2021/01/MV5BYWY5MGEyODYtMmM5Mi00MTM5LWEyMmItNjNmZjAzN2NjMzQ0XkEyXkFqcGdeQXVyNzg5MzIyOA@@._V1_-400x600.jpg
Busted,https://www.faselhds.center/wp-content/uploads/2018/05/MV5BODMyMmYzMzEtYzQ2Mi00OTRmLWFmMTctN2RmOTM0MDZkYjEwXkEyXkFqcGdeQXVyMTMxODk2OTU@._V1_-400x597.jpg
Fabulous Lives of Bollywood Wives,https://www.faselhds.center/wp-content/uploads/2020/11/MV5BMGFmNjU5NDUtZGFmYi00ZTNjLTk1NDUtZGQxZjNhOTk2YTQ4XkEyXkFqcGdeQXVyNjEwNTM2Mzc@._V1_-400x597.jpg
A Queen Is Born,https://www.faselhds.center/wp-content/uploads/2020/11/MV5BNjNhMTA4Y2YtMTM5YS00Zjk4LTgyMTItNDhkZTRhOTgxMjg3XkEyXkFqcGdeQXVyNjEwNTM2Mzc@._V1_UY1200--400x600.jpg
The Daily Show,
Saturday Night Live,https://www.faselhds.center/wp-content/uploads/2020/10/MV5BY2YxODFmOGUtMjY1OC00YTk5LTlkNWEtMzU5MWYxNTgwNzkxXkEyXkFqcGdeQXVyODUxOTU0OTg@._V1_-400x600.jpg
The Cabin with Bert Kreischer,https://www.faselhds.center/wp-content/uploads/2020/10/MV5BNzhhYmI2NTMtMWNhNi00ZTZjLThmZjAtYjBkYjI0Yzk2OGNmXkEyXkFqcGdeQXVyNjk3NTM2ODg@._V1_UY1200--400x600.jpg
LOL: Last One Laughing Australia,https://www.faselhds.center/wp-content/uploads/2020/09/MV5BNGM2YTcwZjctNDRjNS00ZTQ2LWFlNWItMjc1MmRiMWUzMjZjXkEyXkFqcGdeQXVyMTAwMzM3NDI3._V1_-400x600.jpg
World’s Toughest Race: Eco-Challenge Fiji,https://www.faselhds.center/wp-content/uploads/2020/09/MV5BNTJkMDhkNDgtNTk1My00ZDMyLWIyMmYtMjQ1M2NhNmVjNmIxXkEyXkFqcGdeQXVyNjcyNjcyMzQ@._V1_-400x600.jpg
Pixar in Real Life,https://www.faselhds.center/wp-content/uploads/2020/07/MV5BYWI3NzcyMTYtODlhYS00NzQ5LTkxNWQtYTY5NmU0NzBhY2JmXkEyXkFqcGdeQXVyNDg1MjQ2MzQ@._V1_SY1000_CR006661000_AL_-400x600.jpg
Say I Do,https://www.faselhds.center/wp-content/uploads/2020/07/AAAABamVxNIvH7p8FTpWfo4le5FW2A-iJHPMU3iaBHGKlxkf3A7-RAFyM0rIKEVPp-xBq-N58CNMw34DnC4HzmoUmhxMRHjdCuvREzhwm8JPYnrnrX9S8Ser_IImBXPxA-400x597.jpg
The Titan Games,https://www.faselhds.center/wp-content/uploads/2020/04/MV5BZmVmMTc1NzMtM2MyNC00YTUxLWEzNmEtOWE5NzRhOWFkMTk3XkEyXkFqcGdeQXVyODUxOTU0OTg@._V1_-400x600.jpg
Making the Cut,https://www.faselhds.center/wp-content/uploads/2020/04/MV5BNzUxZjRlYmEtMTVkOC00YmU3LTlmMTktNWY4M2I3ZTVjOWMxXkEyXkFqcGdeQXVyMDM2NDM2MQ@@._V1_SY1000_CR006741000_AL_-400x600.jpg
Marvel’s Hero Project,https://www.faselhds.center/wp-content/uploads/2020/04/MV5BYjg2OGU0NjMtMzNkMy00NTlhLWJlZWUtMWE2M2EwNzI2MzAzXkEyXkFqcGdeQXVyNDg4NjY5OTQ@._V1_SY1000_CR005621000_AL_-400x600.jpg
Sunderland ‘Til I die,https://www.faselhds.center/wp-content/uploads/2020/04/p15872438_b_v8_ab-400x600.jpg
The Circle: Brazil,https://www.faselhds.center/wp-content/uploads/2020/03/MV5BZjUzZTEwMzktMDI4NC00M2Q3LWFlZmUtNmNhNmI1ZGVmNTExXkEyXkFqcGdeQXVyMTk2NDE3Mzc@._V1_SY1000_CR007131000_AL_-400x600.jpg
Next in Fashion,https://www.faselhds.center/wp-content/uploads/2020/02/MV5BOTNiNzI0ZTktMzllZi00OTI4LTk0MmItMTMyOTUzYTQ4ZjM0XkEyXkFqcGdeQXVyODc0OTEyNDU@._V1_SY1000_SX675_AL_-400x600.jpg
Pandemic: How to Prevent an Outbreak,https://www.faselhds.center/wp-content/uploads/2020/01/Pandemic.How_.to_.Prevent.an_.Outbreak-1-400x600.jpg
The Goop Lab,
Until Dawn,https://www.faselhds.center/wp-content/uploads/2020/01/Until-Dawn-1-400x597.jpg
The Circle,https://www.faselhds.center/wp-content/uploads/2020/01/The-Circle-400x600.jpg
The Degenerates,https://www.faselhds.center/wp-content/uploads/2019/12/tt9077196-1-400x597.jpg
Glow Up,https://www.faselhds.center/wp-content/uploads/2019/12/AAAABbq6A0bpjj8A4Mzp86L-6vyq2R662fvot8X-VO7F1789OlPZWLB1mPNPgWoksF42gb-A-4kAyh9WaRKIiLX4lSVF7fvW-CtqqrYdC7WW3RDQBZCb5w_sf26p9h_pQ-400x597.jpg
Dating Around,https://www.faselhds.center/wp-content/uploads/2019/11/Dating-Around-1.jpg
Oprah’s Book Club,https://www.faselhds.center/wp-content/uploads/2019/11/j4VexJpHR0k4SpvtD4asz72z2L2-400x600.jpg
The Devil Next Door,https://www.faselhds.center/wp-content/uploads/2019/11/The-Devil-Next-Door-1-400x600.jpg
Prank Encounters,https://www.faselhds.center/wp-content/uploads/2019/10/EHuIRTqUcAAtsE--400x600.jpg
Unnatural Selection,https://www.faselhds.center/wp-content/uploads/2019/10/MV5BYmRjOWU0MDAtMzRiZi00ZGUzLWFmZjItOTQwZDAxYzlkZjM1XkEyXkFqcGdeQXVyMjMyNTY1MDc@._V1_SY1000_SX640_AL_-400x600.jpg
Rhythm + Flow,https://www.faselhds.center/wp-content/uploads/2019/10/MV5BMDUyZjk5YTgtNWEyYi00NGYzLTgwOGYtMjU2NTk4MDc5NWNiXkEyXkFqcGdeQXVyNjgyMDI0OTY@._V1_SY1000_CR006751000_AL_-400x600.jpg
Abstract: The Art of Design,https://www.faselhds.center/wp-content/uploads/2019/09/MV5BMTUyMDU4NzE0Nl5BMl5BanBnXkFtZTgwMzg0MDQyMTI@._V1_SY1000_CR006741000_AL_-400x600.jpg
Hyperdrive,https://www.faselhds.center/wp-content/uploads/2019/08/MV5BMTMxMDE5NGMtMjAxOS00OGIzLTg5NTQtNGIyOTEzNThhZDA3XkEyXkFqcGdeQXVyMTkxNjUyNQ@@._V1_SY1000_CR006751000_AL_-400x600.jpg
Extreme Engagement,https://www.faselhds.center/wp-content/uploads/2019/07/MV5BMzJmYzY2OTEtNzc1MS00ODcyLTg3NjctMzQ2MzVlOTM4M2U1XkEyXkFqcGdeQXVyMTAyODE0NDIx._V1_SY1000_SX800_AL_-400x600.jpg
Awake: The Million Dollar Game,https://www.faselhds.center/wp-content/uploads/2019/07/MV5BNTY1NGE5NTQtMWVkZS00YThjLTgwOWEtYWVlMjU5MDIwMGIwXkEyXkFqcGdeQXVyNDU1MDg3OTU@._V1_SY1000_SX1000_AL_-400x600.jpg
Flinch,https://www.faselhds.center/wp-content/uploads/2019/05/MV5BYmZjMWQyYzktNmQ4NS00YmVmLTliOGYtNmQ2OTkxNDAyNzJjXkEyXkFqcGdeQXVyNzgxMDE1NzY@._V1_SY1000_SX679_AL_-400x600.jpg
Street Food,https://www.faselhds.center/wp-content/uploads/2019/04/MV5BMjI5NmJjY2MtNDFlZi00ZjZjLTk0ZjAtMjEyYjFkMTUwMzY4XkEyXkFqcGdeQXVyNjI4ODE4Mjk@._V1_SY1000_CR006751000_AL_-400x600.jpg
Death by Magic,https://www.faselhds.center/wp-content/uploads/2018/12/DthIahcX4AAmZy0-400x600.jpg
Ask the Doctor,https://www.faselhds.center/wp-content/uploads/2018/12/MV5BYTAyOWI5ZDMtNTQ2NC00MDc5LTg1M2MtZmQxOTc4Y2M4MWQwXkEyXkFqcGdeQXVyNTE4NTk4Njg@._V1_SY1000_SX675_AL_-400x600.jpg
The Final Table,https://www.faselhds.center/wp-content/uploads/2018/11/MV5BNjI0MDIwNTMyNV5BMl5BanBnXkFtZTgwODUzMjg1NjM@._V1_SY1000_CR006741000_AL_-400x600.jpg
The Gymkhana Files,https://www.faselhds.center/wp-content/uploads/2018/11/MV5BNzgxMTQ5MjM5NV5BMl5BanBnXkFtZTgwNDU1OTI2NjM@._V1_SY1000_CR006741000_AL_-400x600.jpg
The Curious Creations of Christine McConnell,https://www.faselhds.center/wp-content/uploads/2018/10/MV5BMjE5MzM5MTU1NF5BMl5BanBnXkFtZTgwMzcwNDU0NjM@._V1_SY1000_CR006901000_AL_-400x600.jpg
"Salt, Fat, Acid, Heat",https://www.faselhds.center/wp-content/uploads/2018/10/MV5BMTAwODYzNjYxMDVeQTJeQWpwZ15BbWU4MDQ1MzQ2NDYz._V1_SY1000_CR006741000_AL_-400x600.jpg
Norm Macdonald Has a Show الموسم الأول,https://www.faselhds.center/wp-content/uploads/2018/09/DmblS1yWwAAm4he-400x600.jpg
Magic for Humans,https://www.faselhds.center/wp-content/uploads/2018/08/MV5BMzc4Y2JlYWEtMmE4MS00Yjk5LThjYjYtNDRiN2FlMTAwOWFmXkEyXkFqcGdeQXVyMTMxODk2OTU@._V1_-400x597.jpg
Cooking on High,https://www.faselhds.center/wp-content/uploads/2018/06/f63556fa818e7210ef297b23bdf166acfd23c745-400x597.jpg
Grand Prix Driver,https://www.faselhds.center/wp-content/uploads/2018/06/MV5BYzgzM2M4MjgtOTI2OC00ZmEwLTk0MWItOGQ4MDJjOTM4ZGQxXkEyXkFqcGdeQXVyNjI4OTg2Njg@._V1_-400x600.jpg
الحصن –  Takeshis Castle Thailand,https://www.faselhds.center/wp-content/uploads/2018/04/51511-400x600.png
Survivor,https://www.faselhds.center/wp-content/uploads/2018/04/118110621_1300x1733-400x600.jpg
حفل توزيع جوائز الأوسكار التسعون 2018,https://www.faselhds.center/wp-content/uploads/2018/03/2018_Oscars_Official_Poster-400x600.jpg
عرض Kevin Hart Let Me Explain 2013,https://www.faselhds.center/wp-content/uploads/2018/02/MV5BMTg4MjM2MjAxOF5BMl5BanBnXkFtZTcwMTAzOTEyOQ@@._V1_SY1000_CR006731000_AL_-400x600.jpg
2 Dope Queens,https://www.faselhds.center/wp-content/uploads/2018/02/2dq-ka.jpg
Boy Band,https://www.faselhds.center/wp-content/uploads/2018/01/MV5BYjg4MDc5ZTQtODViYS00OGNiLTg2MzMtODgwMWE2YWQ3ZjBjXkEyXkFqcGdeQXVyNzU4MDI2NTM@._V1_-400x600.jpg
The Grand Tour,https://www.faselhds.center/wp-content/uploads/2017/12/the-grand-tour-first-season.59873-400x600.jpg
عرض Judd Apatow The Return 2017,https://www.faselhds.center/wp-content/uploads/2017/12/d4b8c3fb1dd1f16cdaf82ffac517d28878013fa5.jpg
The Ellen DeGeneres Show,https://www.faselhds.center/wp-content/uploads/2017/10/72194-1-400x600.jpg
عرض نزال القرن Mayweather Vs. McGregor 2017,https://www.faselhds.center/wp-content/uploads/2017/08/s-l1000-400x600.jpg
عرض Marc Maron Too Real 2017,https://www.faselhds.center/wp-content/uploads/2017/09/TRBaltimore-400x600.jpg
عرض Iliza Shlesinger Confirmed Kills 2016,https://www.faselhds.center/wp-content/uploads/2017/09/MV5BZGEyYjkwMWItM2EyZS00N2Q1LWIzZmQtZDg5Y2ZmMzdlNTgyXkEyXkFqcGdeQXVyNjgzNzA2NjU@._V1_-1-400x600.jpg
عرض Jimmy Carr Funny Business 2016,https://www.faselhds.center/wp-content/uploads/2017/09/MV5BMzFhOTMzZWItZDIxNC00MzJkLWJiZDAtODFiYjI4M2VkNzEzXkEyXkFqcGdeQXVyNjc5NTc1MTg@._V1_-400x597.jpg
The Standups,https://www.faselhds.center/wp-content/uploads/2017/07/MV5BMjAxNDA0ZTUtY2FkZi00MmM5LWEyNGItY2MyN2I1ODUzNmZlXkEyXkFqcGdeQXVyNTg2NDkyMDE@._V1_-400x600.jpg
America’s Got Talent,https://www.faselhds.center/wp-content/uploads/2020/05/MV5BNWE1NzA1YmUtMmQ4My00YjI0LTlhOGEtNTlhYWE3ZmZmMDQzXkEyXkFqcGdeQXVyODUxOTU0OTg@._V1_-400x600.jpg
Last Week Tonight with John Oliver,https://www.faselhds.center/wp-content/uploads/2017/02/s592-400x600.jpg
Impractical Jokers,https://www.faselhds.center/wp-content/uploads/2017/02/MV5BNjcyODY5Nzg4Ml5BMl5BanBnXkFtZTgwNDEwNTQ0MTI@._V1_SY1000_CR006741000_AL_-400x600.jpg
